Prompt Type,Response
Basic,"**Introduction to Machine Learning**
=====================================

Machine learning (ML) is a subset of artificial intelligence (AI) that involves training algorithms to learn patterns and relationships in data, enabling them to make predictions, classify objects, or generate insights without being explicitly programmed.

**Key Concepts**
----------------

1. **Supervised Learning**: The algorithm is trained on labeled data, where the correct output is already known. The goal is to learn a mapping between input data and the corresponding output labels.
2. **Unsupervised Learning**: The algorithm is trained on unlabeled data, and the goal is to discover patterns, relationships, or groupings in the data.
3. **Reinforcement Learning**: The algorithm learns through trial and error by interacting with an environment and receiving feedback in the form of rewards or penalties.

**Machine Learning Workflow**
---------------------------

1. **Data Collection**: Gathering relevant data for the problem at hand.
2. **Data Preprocessing**: Cleaning, transforming, and preparing the data for training.
3. **Model Selection**: Choosing a suitable algorithm and configuring its hyperparameters.
4. **Training**: Feeding the preprocessed data to the algorithm to learn the underlying patterns.
5. **Evaluation**: Assessing the performance of the trained model using metrics such as accuracy, precision, and recall.
6. **Deployment**: Integrating the trained model into a larger system or application.

**Common Machine Learning Algorithms**
------------------------------------

1. **Linear Regression**: A linear model for predicting continuous outputs.
2. **Decision Trees**: A tree-based model for classification and regression tasks.
3. **Support Vector Machines (SVMs)**: A linear or non-linear model for classification and regression tasks.
4. **Neural Networks**: A complex model inspired by the human brain, often used for deep learning tasks.
5. **K-Means Clustering**: An unsupervised algorithm for grouping similar data points.

**Real-World Applications**
---------------------------

1. **Image Recognition**: Self-driving cars, facial recognition, and image classification.
2. **Natural Language Processing (NLP)**: Sentiment analysis, text classification, and language translation.
3. **Recommendation Systems**: Personalized product suggestions and content recommendations.
4. **Predictive Maintenance**: Predicting equipment failures and scheduling maintenance.
5. **Healthcare**: Disease diagnosis, patient outcome prediction, and personalized medicine.

**Conclusion**
----------

Machine learning is a powerful tool for extracting insights from data and making informed decisions. By understanding the key concepts, workflow, and common algorithms, you can apply machine learning to a wide range of problems and applications. As the field continues to evolve, we can expect to see even more innovative and impactful applications of machine learning in the future."
Detailed,"Machine Learning (ML) is a subset of Artificial Intelligence (AI) that enables systems to learn from data and improve their performance on a task without being explicitly programmed. It involves training algorithms on data to make predictions, classify objects, or make decisions.

**Key Components of Machine Learning:**

1. **Data**: The raw material used to train ML models. Data can be in the form of images, text, audio, or numerical values.
2. **Algorithms**: The set of rules and procedures used to train ML models. Common algorithms include decision trees, neural networks, and support vector machines.
3. **Model**: The output of the ML algorithm, which is a mathematical representation of the relationships between the input data and the predicted output.
4. **Evaluation Metrics**: The criteria used to measure the performance of the ML model, such as accuracy, precision, and recall.

**Types of Machine Learning:**

1. **Supervised Learning**: The ML model is trained on labeled data, where the correct output is already known. The goal is to learn a mapping between input data and output labels. Examples include image classification, sentiment analysis, and regression analysis.
2. **Unsupervised Learning**: The ML model is trained on unlabeled data, and the goal is to discover patterns or structure in the data. Examples include clustering, dimensionality reduction, and anomaly detection.
3. **Semi-Supervised Learning**: A combination of supervised and unsupervised learning, where the ML model is trained on both labeled and unlabeled data.
4. **Reinforcement Learning**: The ML model learns by interacting with an environment and receiving feedback in the form of rewards or penalties.

**Machine Learning Workflow:**

1. **Data Collection**: Gathering data relevant to the problem or task.
2. **Data Preprocessing**: Cleaning, transforming, and preparing the data for training.
3. **Model Selection**: Choosing an appropriate ML algorithm and configuring its parameters.
4. **Training**: Feeding the preprocessed data to the ML algorithm to learn the patterns and relationships.
5. **Evaluation**: Assessing the performance of the trained model using evaluation metrics.
6. **Deployment**: Integrating the trained model into a larger system or application.

**Examples of Machine Learning:**

1. **Image Classification**: Google Photos uses ML to classify images into categories such as ""people,"" ""places,"" and ""things.""
2. **Natural Language Processing**: Virtual assistants like Siri, Alexa, and Google Assistant use ML to understand and respond to voice commands.
3. **Recommendation Systems**: Online retailers like Amazon and Netflix use ML to suggest products or movies based on user behavior and preferences.
4. **Autonomous Vehicles**: Self-driving cars use ML to detect and respond to their environment, such as recognizing pedestrians and traffic signals.
5. **Medical Diagnosis**: ML algorithms can be used to analyze medical images and diagnose diseases such as cancer.

**Real-World Applications of Machine Learning:**

1. **Customer Service Chatbots**: ML-powered chatbots can help answer customer inquiries and provide support.
2. **Predictive Maintenance**: ML can be used to predict equipment failures and schedule maintenance, reducing downtime and increasing efficiency.
3. **Cybersecurity**: ML can be used to detect and prevent cyber threats, such as malware and phishing attacks.
4. **Personalized Marketing**: ML can be used to create targeted marketing campaigns and recommend products based on user behavior and preferences.
5. **Healthcare**: ML can be used to analyze medical data, diagnose diseases, and develop personalized treatment plans.

**Challenges and Limitations of Machine Learning:**

1. **Data Quality**: ML models are only as good as the data they are trained on. Poor data quality can lead to biased or inaccurate models.
2. **Overfitting**: ML models can become too complex and fit the training data too closely, resulting in poor performance on new, unseen data.
3. **Underfitting**: ML models can be too simple and fail to capture the underlying patterns in the data.
4. **Interpretability**: ML models can be difficult to interpret, making it challenging to understand why a particular decision was made.
5. **Ethics**: ML models can perpetuate biases and discrimination if the training data is biased or unfair.

**Future of Machine Learning:**

1. **Increased Adoption**: ML will become more widespread and integrated into various industries and applications.
2. **Advances in Deep Learning**: Deep learning techniques, such as neural networks and convolutional neural networks, will continue to improve and become more powerful.
3. **Explainability and Transparency**: Research will focus on developing more interpretable and transparent ML models.
4. **Edge AI**: ML will be deployed on edge devices, such as smartphones and smart home devices, to improve performance and reduce latency.
5. **Human-Machine Collaboration**: ML will be used to augment human capabilities and enable more effective collaboration between humans and machines."
Beginner,"Imagine you have a toy box full of different toys like cars, dolls, and blocks. Now, let's say you want to teach a robot to pick up the cars and put them in a separate box. But, you don't want to tell the robot exactly how to do it. Instead, you want the robot to learn on its own.

**Machine Learning is like teaching the robot to learn from examples.**

Here's how it works:

1. **You show the robot some examples**: You pick up a few toys and say, ""These are cars."" The robot looks at them and tries to figure out what makes them cars.
2. **The robot practices and makes mistakes**: The robot starts picking up toys and trying to put them in the car box. Sometimes it gets it right, and sometimes it puts a doll in the car box by mistake.
3. **You correct the robot**: When the robot makes a mistake, you say, ""No, that's a doll, not a car."" The robot learns from its mistake and tries again.
4. **The robot gets better and better**: The more examples the robot sees, and the more it practices, the better it gets at picking up cars and putting them in the car box.

Eventually, the robot becomes really good at picking up cars and can even recognize new cars it has never seen before. That's because it has learned from all the examples and can make smart decisions on its own.

**Machine Learning is used in lots of things**, like:

* Self-driving cars that can recognize stop signs and traffic lights
* Computers that can recognize pictures of cats and dogs
* Virtual assistants like Siri and Alexa that can understand what you're saying

So, Machine Learning is like teaching a robot to learn from examples and get better and better at doing things on its own. It's a pretty cool way to make machines smart and helpful!"
Professional,"**Introduction to Machine Learning**
====================================

Machine Learning (ML) is a subset of Artificial Intelligence (AI) that enables systems to automatically learn and improve from experience without being explicitly programmed. It involves training algorithms on data to make predictions, classify objects, or generate insights.

**Key Concepts**
----------------

1. **Supervised Learning**: The algorithm is trained on labeled data, where the correct output is already known. The goal is to learn a mapping between input data and the corresponding output labels.
2. **Unsupervised Learning**: The algorithm is trained on unlabeled data, and the goal is to discover patterns, relationships, or groupings in the data.
3. **Reinforcement Learning**: The algorithm learns by interacting with an environment and receiving rewards or penalties for its actions.
4. **Model**: A mathematical representation of the relationship between input data and output predictions.
5. **Training**: The process of updating the model's parameters to minimize the difference between predicted and actual outputs.
6. **Overfitting**: When a model is too complex and performs well on the training data but poorly on new, unseen data.
7. **Underfitting**: When a model is too simple and fails to capture the underlying patterns in the data.

**Machine Learning Workflow**
-----------------------------

1. **Data Preprocessing**: Cleaning, transforming, and preparing the data for training.
2. **Model Selection**: Choosing a suitable algorithm and model architecture for the problem.
3. **Training**: Updating the model's parameters to minimize the loss function.
4. **Evaluation**: Assessing the model's performance on a separate test dataset.
5. **Deployment**: Integrating the trained model into a production-ready system.

**Common Machine Learning Algorithms**
--------------------------------------

1. **Linear Regression**: A linear model for predicting continuous outcomes.
2. **Logistic Regression**: A linear model for predicting binary outcomes.
3. **Decision Trees**: A tree-based model for classification and regression tasks.
4. **Random Forests**: An ensemble model that combines multiple decision trees.
5. **Neural Networks**: A complex model inspired by the structure and function of the human brain.

**Example Use Cases**
--------------------

1. **Image Classification**: Classifying images into different categories (e.g., objects, scenes, actions).
2. **Natural Language Processing**: Analyzing and generating human language (e.g., text classification, sentiment analysis, language translation).
3. **Recommendation Systems**: Suggesting products or services based on user behavior and preferences.
4. **Predictive Maintenance**: Predicting equipment failures or maintenance needs based on sensor data and historical records.

**Best Practices for Machine Learning in Software Engineering**
---------------------------------------------------------

1. **Version Control**: Track changes to the codebase, data, and models.
2. **Data Quality**: Ensure high-quality, relevant, and diverse data for training and testing.
3. **Model Interpretability**: Understand how the model makes predictions and identify potential biases.
4. **Testing and Evaluation**: Thoroughly test and evaluate the model's performance on a separate test dataset.
5. **Continuous Learning**: Regularly update and refine the model as new data becomes available.

By understanding these concepts, workflow, and best practices, you can effectively apply machine learning to software engineering projects and develop intelligent systems that drive business value."
