Model,Response
Gemini,"Imagine you want to teach a computer to do something, but you don't want to write *millions* of specific instructions for every single possibility.

Instead, you teach it like you might teach a child, or like you study for a test:

1.  **Give it lots and lots of examples.** (This is called ""data."")
    *   For instance, if you want it to recognize pictures of dogs, you show it thousands of pictures of dogs, and thousands of pictures of things that are *not* dogs. You label them ""dog"" or ""not dog.""

2.  **The computer then looks for patterns.**
    *   It starts to figure out, all by itself, what makes a dog a dog. It doesn't get a list of rules like ""a dog has four legs and barks""; it *discovers* those connections and features from all the examples you showed it.

3.  **Once it has ""learned"" these patterns, it can apply that knowledge to *new* information it's never seen before.**
    *   Show it a new picture it hasn't seen before, and it can predict: ""Yes, that's probably a dog!"" or ""No, that's not a dog.""

**So, in a nutshell:**

Machine Learning is about teaching computers to **learn from examples and experience (data)**, rather than being explicitly programmed for every single task. It's about letting the computer discover its own rules and patterns to make predictions or decisions.

**Think of it like:**

*   **Spam filters** learning what emails look like spam based on past examples.
*   **Netflix/Spotify recommendations** learning what movies or songs you like based on your viewing/listening history.
*   **Voice assistants** understanding what you say because they've ""heard"" countless examples of human speech."
Groq Llama,"**Machine Learning in Simple Words**

Machine Learning is a type of computer science that helps computers learn from data, without being explicitly programmed. Think of it like this:

Imagine you're trying to teach a child to recognize dogs and cats. You wouldn't tell them the exact rules, like ""a dog has four legs and a tail."" Instead, you'd show them many pictures of dogs and cats, and let them figure out the patterns and differences themselves.

**How Machine Learning Works**

Machine Learning uses algorithms (like formulas) to process data and make predictions or decisions. The more data it's exposed to, the better it becomes at recognizing patterns and making accurate predictions.

Here's a simple example:

1. **Data Collection**: You gather a large dataset of pictures of dogs and cats.
2. **Model Training**: You create a machine learning model that's trained on this data. The model looks for patterns, like shape, color, and texture.
3. **Testing**: You test the model with new, unseen pictures.
4. **Results**: The model can accurately predict whether a picture is of a dog or a cat, based on the patterns it learned from the original data.

**Types of Machine Learning**

1. **Supervised Learning**: The model is trained on labeled data (e.g., pictures with a ""dog"" or ""cat"" label).
2. **Unsupervised Learning**: The model is trained on unlabeled data and learns to identify patterns.
3. **Reinforcement Learning**: The model learns by interacting with an environment and receiving feedback.

**Real-World Applications**

Machine Learning is used in many areas, such as:

* Image and speech recognition
* Self-driving cars
* Personalized recommendations (e.g., Netflix suggestions)
* Medical diagnosis and predictions
* Natural language processing (e.g., language translation)

In summary, Machine Learning is a powerful tool that enables computers to learn from data and make predictions or decisions, without being explicitly programmed."
